name,price,origin_price,discount
collar portable mic for youtubers & vloggers,Rs.207,Rs.699,-70%
Made by Gift City - Creative 3d Letters DIY Wooden Wall Clock for Home and Offices Self Adhesive,Rs.278,Rs.800,-65%
Brown leather Luxury Watch For Unisex Rs. 19,Rs.299,Rs.360,-16%
"Bluetooth camera shutter, Wireless camera shutter bluetooth selfie remote",Rs.289,Rs.1000,-71%
air buds/ Bluetooth Earphones Airpods_ / wireless earbuds With Charging Case black airbuds,Rs.399,Rs.1444,-72%
Code 9 Pairs Cotton Ankle Socks For Men Women Cotton Ankle Socks For Men No Show Low Cut Socks For Men Business Casual Socks For Men- 3 Random colors,Rs.474,Rs.657,-27%
Best Microphone WS 858 for clear speaking professional karaoke speaker Wireless Bluetooth Hifi Speaker plus an original aux cable with mic,Rs.969,Rs.2000,-51%
"Al Quraish Traders Keratin Hair Mask - Professional Treatment for Hair Repair, Nourishment & Beauty - Hair Mask - Vitamin Complex for All Hair Types - Keratin hair mask treatment",Rs.599,Rs.850,-29%
Hair Removal Pain-less Physical Manual Epilator Crystal Hair Eraser Nano Glass Hair Removal Washable Portable for Man and Women Arms Legs Back,Rs.387,Rs.850,-54%
Door Dust Air Insects Stopper 42 Inches Bottom Seal Noise Protector Twin Draft Guard,Rs.158,Rs.400,-60%
"6 pcs Tinkle Eyebrow Razor,Eyebrow Facial Hair Remover & Shaper (6 Pieces), Facial Hair Removal, Eyebrow Trimmer, Shaver For Women, Zigzag Razor for women, Eyes Makeup, Safety Razor for girls, Facial Razor, ladies razor by Piper's Mall",Rs.270,Rs.699,-61%
Lifestyle Glory Brand Butterflies and Sweet Home 3D Wooden Wall Clock I Wooden Wall Clock I Wall Clocks I Wall Clock For Bedroom I Wall Clock for Room I Wooden Wall Clock I Wooden Clock I Clocks I Clock,Rs.368,Rs.1200,-69%
Lifestyle Glory Brand 3D Wooden Tree Wall Art Decor 3 Pieces Black High Quality Gift Ideas Modern Nature Home Office Décor I Wall art I Wall art I Wall art for room decoration I Wall art for room I Wall art for bedroom,Rs.335,Rs.1200,-72%
"Baby Bottle Drying Rack, Large Capacity Bottle Dyer Holder For Baby Bottles Nipples Cups Pump Parts And Accessories",Rs.581,Rs.899,-35%
1 Kg Honey Natural Swat Bee Honey 100% Raw Pure Organic 1000Gram,Rs.970,Rs.1000,-3%
Silicone Ocean Band Strap for Smart Watch Ultra 8 7 6 5 4 SE 45mm 49mm 44mm 42mm,Rs.218,Rs.899,-75%
"White Background Cloth 5Ft X 8Ft for Home & Studio Backdrop Photo, Video Shoots",Rs.290,Rs.1200,-75%
Luxury Watch for Men Quartz Watches for Boys & Man New Fashion Sports Leather Strap Wristwatches,Rs.358,Rs.1800,-80%
"IXORA Hand wash , Pack of 4 hand wash liquid 500 ml , Hand wash Bottle ,Desert Delight , Arabian woods , Dark Forest , Ocean Splash / Long lasting Germs protection & smooth skin Body Hand Wash Hand wash liquid Hand Wash 500 ml Hand Wash",Rs.999,Rs.1500,-33%
Genuine Leather Men's Purse Wallet For Men BiFold [ Compact Size ] Wallet Clasp,Rs.585,Rs.1200,-51%
Pack Of 12 Hijab Tube Cap Under Scarf Hijab Cap-Head Cover Inner Caps Women Muslim Inner Hijabs Cap Underscarf Hijab for Girls,Rs.969,Rs.1999,-51%
"5 in 1 Super Screen Cleaning Kit for lcd , camera lens , mobile screen, laptop with Cloth Brush cleaning",Rs.339,Rs.700,-51%
Wooden Large Wall Clock Modern Design 3D Wall Home Decor Living Room Quartz,Rs.259,Rs.1200,-78%
Glupatone 50ml + Homeo Cure Beauty Cream,Rs.775,Rs.1299,-40%
Knorr Noodles Blazing - 124.7G,Rs.179,Rs.190,-5%
5x9ft Black Screen Key Backdrop Soft Pure Black Studio Background ID Photo Photography Backdrop Photo Backdrops Customized Studio Photography Backdrop Background Studio,Rs.337,Rs.850,-60%
Hair Remover Spray For Men- 300ml,Rs.365,Rs.850,-57%
Premium Quality Round Shape Serving Tray - Multiple Size,Rs.175,Rs.400,-56%
"3200 dpi gaming mouse with 6 Programmable Buttons - 7 light rgb gaming mouse usb wired with side buttons - for pc, laptop, pubg mobile, free fire. minecraft by Funbug - Black & White",Rs.1015,Rs.3800,-73%
Moyu RS3M 2020 Cube 3x3 Magnetic Cube Magic Puzzles Speed Cube Magnets Cube 3*3 Sticker less Toys For Children R3SM,Rs.1696,Rs.4999,-66%
Ultrasonic Pest Repeller Pest Reject Mosquito Repellent Electronic Plug in Indoor Sonic Repellent pest Control for Bugs Roaches Insects Mice Spiders Mosquitoes,Rs.999,Rs.1399,-28%
OQ BOGA 5 Colors Unisex Anti Blue Light Proof Radiation Polygon Frame Computer Glasses Women Men Eye Protection Full Rim Fashion Eyewear,Rs.584,Rs.760,-23%
MAXIMA Microfiber Towel 40*40 cm | 800GSM cleaner duster & wipe wax for car care double side,Rs.320,Rs.600,-46%
Brown Black Waterproof Universal Relaxer Bike Seat Cushion / Motorcycle Seat Cover - Gift City,Rs.999,Rs.2000,-50%
"2% Salicylic Acid Serum | Clear Skin, Oil-Free, Acne-Fighting Serum, Blackheads - Blemishes - 30ml",Rs.514,Rs.690,-25%
"LCD Writing Tablet, Single Color Drawing Tablet with Protect Cover, Kids Drawing Pad 8.5 Inch Doodle Board, Erasable E-Writer Digital Drawing Board Toddler Boy and Girl Learning Toys Gift for 3 4 5 6 Years Old",Rs.489,Rs.1099,-55%
New Wooden Wall Art For Room Decorating I Wooden Wall Art I Room Decorating Wall Art With Photo Frames I Wall Art I Wall Art Designs I New Wall Art For Room,Rs.375,Rs.1200,-68%
5 Pieces Of 12 X 18 Inches Primed Canvas Boards For Painting,Rs.660,Rs.1599,-58%
Hanger - Plastic Hanger - Hangers Large Pack of 12 (Random Designs and Colors)),Rs.249,Rs.650,-61%
long wallet for boys mobile wallet cardholder slim wallet for men best gift for man,Rs.369,Rs.650,-43%
Dettol Soap Bar Effective Germ Protection Skincare 85gm,Rs.93,Rs.110,-15%
feline cat food pack of 2 (1.2kg+1.2kg),Rs.1449,Rs.1480,-2%
Hollow Fiber Pillow Korean Medicated Soft And Smoothy,Rs.1450,Rs.1800,-19%
Bonus Tristar Detergent Washing Powder 950g,Rs.205,Rs.220,-6%
Make Up Toy for Kid Pretend Play Makeup Set | Safety Non-toxic Makeup Kit Toy for Girls | Dressing Cosmetic Travel Box Girls Beauty Toy | Baby Cosmetics Baby Toys,Rs.387,Rs.799,-51%
"3d illusion lamp, 3D Light Lamp, Night Lamp, Decoration Piece, Gift Piece",Rs.969,Rs.2000,-51%
"Caffeine Skin and Eye Serum for Puffiness, Dark Circles, Fine Lines, Anti-Aging and Wrinkle Reduction",Rs.523,Rs.770,-32%
"CUSTOMIZE NAME ON WALLET AND KEY CHAINS WITH BOX PACKING (PERFECT GIFT TO SEND YOUR FATHER , HUSBAND , FIANCE OR ANY ONE)",Rs.549,Rs.1000,-45%
"Professional T9 Hair Trimmers Golden Dragon, Hair Clippers T Liner outliner Trimmer for Men t9 Vintage line up Detailer Electric Cordless Barber Trimmer 0mm Bald Head Beard Trimmer edgers Clippers (Gold)",Rs.875,Rs.1600,-45%
Lux Allure Bar Nourished Glow - 98G,Rs.101,Rs.110,-8%
Always Ultra Sanitary Pads Extra Long Value Pack 14 pads,Rs.585,Rs.680,-13%
"Motivational Quotes Wall Art Office Frames, Glass front with Prints, 4 Set 7x7 inches",Rs.990,Rs.2500,-60%
European and American Unique Creative Lava Led Waterproof Trendy Men's Watch Men's Bracelet Couple Retro Men's Watch,Rs.899,Rs.1171,-23%
Dettol Antibacterial Soap Bar Effective Germ Protection Aloe Soothe 115gm - Pack of 12,Rs.1620,Rs.1620,-0%
Uni ball eye fine pens imported(12 piece in packing),Rs.968,Rs.2400,-59%
Symans vitamins and electrolytes - For Parrots Finches Poultry Chicken. Macaw - African Grey - Raw - Parrot - Canary - Finches - Gouldians - Budgies - Animals - Goat - Horse - Bufalo - Cows - HorseSuper Sheikh Trading Co.,Rs.426,Rs.660,-35%
Waterproof Mattress Cover For Double Bed King Size (72x78 inches) (6x6.5 feet) Fitted Mattress Protector,Rs.849,Rs.1399,-39%
Smooth Jersey Zippered Waterproof Mattress Cover Anti Allergy Dust Mite Bed Bug Proof Waterproof Mattress Protector All Size,Rs.969,Rs.1399,-30%
"Portable Manual Breastpump, Silicone Manual Milk Breast Pump with baby bottle ( Single ), Hand Pump for Breastfeeding Rh-188",Rs.979,Rs.2200,-55%
"Pampers Premium Care Pants Diapers (Size-6 XX Large, 36Pcs)",Rs.4655,Rs.4799,-3%
Original Rubiks Cube 2x2 Stickerless Best Quality Fast Speedy Magic Rubik Speed Cube Educational Puzzle Toys,Rs.399,Rs.899,-55%
waterproof mattress cover king size -double size mattress cover white -double bed mattress cover -king size mattress cover -King Size - Waterproof Mattress Cover Premium Quality-water proof mattress cover-terri mattress cover,Rs.849,Rs.1500,-43%
Pack of 6 Customize Metal Pen,Rs.551,Rs.672,-18%
"10% Mandelic Acid Serum for Brighter, Smoother Skin - Gentle Exfoliator for All Skin Types - 30ml",Rs.572,Rs.770,-25%
CanDo Tummy Trimmer High Quality Dual Power Spring Belly Loosening Fitness Exercise Machine Weight loss machine Belly loosening machine,Rs.995,Rs.1999,-50%
"CUSTOMIZE NAME ON WALLET , KEY CHAINS , PEN WITH BOX PACKING (PERFECT GIFT TO SEND YOUR FATHER , HUSBAND , FIANCE OR ANY ONE)",Rs.799,Rs.1500,-46%
SAYA Monochrome Unstitched WU1P-4617 Printed Plain Viscose 1 Piece Shirt For Women,Rs.1117,Rs.1489,-24%
2pc Unstitched - Printed Lawn Shirt with Printed Lawn Dupatta,Rs.2290,Rs.2290,-0%
Memon Online Pack of 4 Women Ladies Girls Classy Multi colour Jersey Printed Bra Brief Blouse Brazier Brassier Undergarments- Jersey Brazzer for Girls | Bras | Bra,Rs.415,Rs.900,-53%
Brazil Nut Keratin Hair Care Balance Keratin Hair Mask & Keratin Hair Treatment for Healthy Scalp 1000 ml (Original),Rs.1357,Rs.2800,-51%
Pack of 4 Women's Ladies Girls Skin Black Light Pink Sky Blue Pure Cotton Simple Bra Blouse Brazier Undergarments Lingerie MO-002,Rs.490,Rs.750,-34%
"Golden 4 Border Embroidered Pure Malai Lawn Summer Shawl | Namaz Chadar | Chaddar For Girls | Dupatta For Women | Gift For Wife, Sister, Mother",Rs.1799,Rs.2999,-40%
Pack of 2 Padded Bra for women girls High Quality bra for ladies foam brazier blouse Multi colors,Rs.738,Rs.1200,-38%
Khanani's Dil dil Pakistan tshirt for Independence day kids tees,Rs.640,Rs.640,-0%
New Arrival Winter Tracksuit For Men and Women with Warm Fleece Sweatshirt and Trouser 2 piece,Rs.999,Rs.1399,-28%
"6.5""|8.5""|10""|10.5""|12""|15"" LCD writing Tablet|electronic slate e-writer, digital memo pad for kids or daily life routine Notebook purpose Educational Toy Kids Handwriting Pad For Children Erasable E-writer, Digital drawing board, Doodle & scribble board",Rs.529,Rs.849,-37%
HP Chroma Geo Rev Neoprene Reversible 14″ Laptop Sleeve (2TX16AA) – Gray/Black,Rs.872,Rs.3500,-75%
Tokifu For Samsung Galaxy A14 5G Casing The New Liquid Silicone Angel Eyes Phone Case Full Anti-fall Shockproof Back Cover,Rs.551,Rs.899,-38%
"Original Samsung 25W, 35W DUO, 45W, Super Fast Charger USB PD Charger For Samsung Galaxy S22 Ultra 5G , Note 10 Plus 5G, Note 10 Lite, S10 5G, S20, S20 Plus, S20 Ultra 5G, S20 FE 5G, Note 20, Note 20 Ultra, S215G, S21 Plus 5G, S21 Ultra 5G",Rs.1449,Rs.1999,-27%
Khanani's 23rd march boys kids t-shirt volume 14,Rs.649,Rs.649,-0%
3 in 1 niqab set,Rs.999,Rs.1500,-33%
Premium Pet - Mommy Cat Litter - 16 Litre,Rs.1029,Rs.1999,-48%
Black Trendy Printed Tracksuit For Men and Boys - Soft and Comfortable Fabric T Shirt and Trouser Printed Tracksuit,Rs.899,Rs.2000,-55%
Khanani's Superman Vascular Mens Bodybuilding T-Shirt - Gym Workout Fitness Motivation,Rs.620,Rs.620,-0%
"Shield-Diaper Mega Bachat Pack Small (70-Diapers, 03-06Kg)",Rs.1782,Rs.2970,-40%
Soft Cotton Hosiry Fabric Imported Style Bra Brief Blouse Brazier Brassier Undergarments for Women Multi Color - Cotton Brazzer for Girls Ladies Undergarments,Rs.295,Rs.500,-41%
Pack of 10 Ovulation_Stripes,Rs.999,Rs.2000,-50%
Casual Man Long Wallet Male Coin Multi Pockets Money DollarCard Holder Purses for Men Fashion Style Wallet Card Holder,Rs.588,Rs.600,-2%
Energy - ENRG Mini Size Tripod Stand Movable Ball Head and Mobile Holder for Phone DSLR Cameras Black,Rs.725,Rs.899,-19%
A.Fashion Pack of 4 Women Ladies Girls Classy Multi colour Printed Jersey Bra for girls Brief Blouse Brazier Brassier Undergarments,Rs.445,Rs.600,-25%
VINTAGE T9 hair trimmer shaver professional hair styler for men zero gapping clipper cordless rechargeable electric hair clipper cutting machine for men and women,Rs.876,Rs.1799,-51%
(Axotic) Smart Tv Box X96Q - 4GB 64GB - Android 12 - 4K - Andorid BOX,Rs.5480,Rs.6000,-8%
5 Suits for Born Baby - Shirt and Pajama and Cap - Cotton Stuff - Summer Collection - Multicolors - Baby Clothes - Best Quality,Rs.969,Rs.1800,-46%
Memon Online Pack of 4 Women Simple Bra Ladies Girls Classy Multi Color Printed Bra Brief Blouse Brazier Brassier Undergarments In Jersey Fabric | Bras | Bra,Rs.480,Rs.750,-36%
VO5 Smooth & Silky Shampoo 370 ml | Intense Repair Shampoo,Rs.389,Rs.685,-43%
3pc Unstitched - Lawn Printed Suit,Rs.3390,Rs.3390,-0%
Khanani's 23rd march boys kids t-shirt volume 11,Rs.649,Rs.649,-0%
Roblox - Lunch Bag with option to carry water bottle. Digitally printed on Fabric by Traverse,Rs.1400,Rs.1650,-15%
Niagara Safe Hands Mist Hand Sanitizer Spray 45ml,Rs.189,Rs.189,-0%
Calza Comfy Men's Chappals,Rs.674,Rs.749,-10%
Memon Online Pack of 4 Women Ladies Girls Classy Multi colour Jersey Printed Bra Brief Blouse Brazier Brassier Undergarments- Jersey Brazzer for Girls | Bras | Bra,Rs.415,Rs.900,-53%
Desk Lamp Study Table lamp Study Lamp Decoration Lamp & House Decoration flexible foldable (ONLY Lamp in Box),Rs.? ? ?,Rs.1400,
Fluffy Cat Food Pack of 2 (1.2KG + 1.2KG),Rs.? ? ?,Rs.2100,
AquaMaster Original Cichlid Fish Feed 100 Grams 1000 % Original,Rs.? ? ?,Rs.699,
Stylish bag for boys college in low price:bagpack for girls,Rs.? ? ?,Rs.3000,
LED Tv Cover - 100% Waterproof & Dustproof LED TV Cover | All Sizes Are Available | Export Quality,Rs.? ? ?,Rs.800,
Dotz Brand Multipurpose Wooden Wall Hanger | Mobile Charging Stand | Keys Hanging Hooks | Wall Hanging Stand For Keys | Key Hanger on Wall | AC TV Remote Holder | Wall Mounted Key Holder,Rs.? ? ?,Rs.599,
Microwave Cover with Pouch Case Anti Oil Dust Proof Oven Cover Storage Bag Kitchen Organizer,Rs.? ? ?,Rs.100,
Derma Shine Sunblock SPF-70 ( 200 ML ),Rs.? ? ?,Rs.650,
1KG - Fresh Stock (Exp-2025) - Original Karachi Factory Production - High Heat Resistance - Best for Ice Cream Falooda Cake Coffee - Whippy Whip Whipping Cream - Premium Quality - Whipy Whip Whipping Cream - 1 KG,Rs.? ? ?,Rs.1500,
Foldable Laptop Stand Holder- for Apple MacBook Pro Air Cooling Stand Bracket Invisible Notebook Holder- Universal Laptop Stand,Rs.? ? ?,Rs.743,
"Mishbeeka Pack 2 - Large Storage Bags, Storage Bag Clothes Storage Box Bins Foldable Closet Organizers Storage Containers with Durable Handles Thick Fabric for Blanket Comforter Clothing Bedding",Rs.? ? ?,Rs.777,
M90 Pro Gaming Wireless Bluetooth 5.3 Earphones In-Ear ENC Noise Reduction Low Latency Heavy Bass Headphone Waterproof Earbuds Digital Display TWS Bluetooth Earphones HD Stereo Fingerprint Touch Noise Cancelling Gaming Headset With Mic.,Rs.? ? ?,Rs.4999,
"Hotmai HT-414 Best Sound USB 2.0 Multimedia Speakers For Computers, Laptop, Pc and Lcd Excellent Sound Quality",Rs.? ? ?,Rs.1999,
AHA 30 % + BHA 2 % Miracle Skin Care Serum,Rs.? ? ?,Rs.740,
Retro Rectangle Sunglasses Women Brand Designer Vintage Small Frame Sun Glasses Ladies Classic,Rs.? ? ?,Rs.1072,
2in1 Hair Straightner and Curler (Heavy duty machine),Rs.? ? ?,Rs.999,
High Quality pack of 5 Color smoke_bomb Birthday Celebration Colour_smoke Flare Stick Shell For Party Wedding Birthday Decoration/HANGOUT'S,Rs.? ? ?,Rs.1249,
FRAKIN Transparent Plastic Medicine/Pills Storage Box/Organizer/First Aid Kit/Medicine Box,Rs.? ? ?,Rs.1200,
Pack Of 12 Peel off Nail Polish (Multi Colors),Rs.? ? ?,Rs.700,
"4x4 Qiyi Original Rubik Cube Stickerless and Bright - 4 by 4 Best Quality Speed Cube - Large Magic Cube 4x4x4 - Fast Speed Puzzle Toys - Educational Toy to Improve Child's Concentration, responsiveness and Memory - Rubik's Cube",Rs.? ? ?,Rs.2900,
LAIKOU Sakura Eye Serum Essence Roller Moistruizing Remove Dark Circle Eye Bag Eye Cream For Puffiness Fine Lines 15ml,Rs.? ? ?,Rs.1398,
TRIMUX T9 Metal Body Professional Trimmer USB Rechargable T9 cordless Hair Trimmer Set,Rs.? ? ?,Rs.2500,
"LCD Writing Tablet, Single Color Drawing Tablet with Protect Cover, Kids Drawing Pad 8.5 Inch Doodle Board, Erasable E-Writer Digital Drawing Board Toddler Boy and Girl Learning Toys Gift for 3 4 5 6 Years Old",Rs.? ? ?,Rs.1099,
Pack of 05 Women Strapless Bra Free Size and non Padded Multicolor (Fit on 30-40),Rs.? ? ?,Rs.1299,
original 20W PD USB C Cable for iPhone 14 13 12 11 8 Pro Max Fast Charging USB C Cable for iPhone 12 mini pro max Data USB Type C Cable,Rs.? ? ?,Rs.1500,
Matcha Green Tea Pakistan: Ceremonial Japanese Matcha Tea Powder,Rs.? ? ?,Rs.1300,
3Pcs Baby Headband Lace Bows Kids Hair Bands Headbands For Girls Princess Newborn Toddler Turban Baby Hair Accessories,Rs.? ? ?,Rs.799,
OQ BOGA 4 Colors Unisex Anti Blue Light Proof Radiation Computer Glasses Women Men Fashion Eye Protection Oval Full Rim Eyewear,Rs.? ? ?,Rs.760,
Baseus Cable Organizer Wire Winder USB Cable Management Charger Protector For iPhone Mouse Earphone Cable Holder Cord Protection,Rs.? ? ?,Rs.869,
Moringa Leaf Powder Organic 100 g,Rs.? ? ?,Rs.275,
HP Chroma Geo Rev Neoprene Reversible 14″ Laptop Sleeve (2TX16AA) – Gray/Black,Rs.? ? ?,Rs.3500,
FRAKIN 60x200cm Wall Paper Waterproof Heat Resistant Self Adhesive Anti Oil Kitchen Wallpaper Marble Sheet for Kitchen,Rs.? ? ?,Rs.550,
"Dynamic Life RGB LED Strip Lights 15 Feet Self-Adhesive Waterproof Color Changing Remote Control Complete kit with 12V Adapter 2835. RGB Lights Strip for PC Gaming, Bedroom, Kitchen, and Home Decoration",Rs.? ? ?,Rs.1299,
Jade Roller And Gua Sha Skin Care Tools Set- Facial Body Massager-Anti Aging Beauty Treatment,Rs.? ? ?,Rs.799,
OLIM NATURALS - Organic Chia Seeds For Weight Loss 150 Gram Pure Premium Quality Vitamins Omega 3 6 & Calcium,Rs.? ? ?,Rs.799,
"Motorbike 70cc Custom Kit, Seat Cover, Tank Cover and Side Cover 4pcs Kit",Rs.? ? ?,Rs.1400,
Mobile & Tablet Holder | Premier Quality Product | Adjustable and Flexible Stand | Compact Pocket Size | Easy to Carry | Best for Study and Office Use | Compatible with all size Mobiles,Rs.? ? ?,Rs.900,
"Mishbeeka Pack 4 - Large Storage Bags, Storage Bag Clothes Storage Box Bins Foldable Closet Organizers Storage Containers with Durable Handles Thick Fabric for Blanket Comforter Clothing Bedding",Rs.? ? ?,Rs.999,
Bundle of 4 Scrubs | Coffee Scrub | Sandal Scrub | Almond Scrub | Ice Scrub 100gm Each,Rs.? ? ?,Rs.1000,
Doll House - Beauty Villa Set For Girls - Lovely Pink Doll House - Doll House For Girls - Pink Color Doll Play House,Rs.? ? ?,Rs.1500,
- Premium Quality Mabroom Dates 500gm.,Rs.? ? ?,Rs.1000,
Lifestyle Glory Brand 3D Family Tree With Sparrows Wooden Laser Cutting Wall Art I Wall art I Wall art for room decoration I Wall art for room I Leaves wooden wall art I Wall art for bedroom I Wall art frame I Wall arts,Rs.? ? ?,Rs.1200,
PACK OF 2 - LARGE Storage Bags Organizers Portable Bamboo Clothes Blanket Large Folding Bag,Rs.? ? ?,Rs.1333,
A Good Girl's Guide To _Murder / by Holly Jackson / As Good As Dead / Good Girl Bad Blood by Holly Jackson set of 3 _Murder book set,Rs.? ? ?,Rs.1499,
Fry Pan - Non Stick Fry Pan - Sonex Non Stick Fry Pan 18 cm 20cm 22cm 24cm 26cm 28cm 30 cm,Rs.? ? ?,Rs.1500,
2 Pcs LED Tyre Light for Bike Car Cycle with Motion Sensor Universal Nozzle Light Cap,Rs.? ? ?,Rs.345,
1Pair Arch Support Sleeves Plantar Fasciitis Orthotic Insoles Pads Foot Care Yao Store,Rs.? ? ?,Rs.1436,
"The Folk of the Air Series 3 Books Collection Set By Holly Black ( The Cruel Prince, The Wicked King, The Queen of Nothing )",Rs.? ? ?,Rs.3999,
Wooden Wall Art For Room Decoration I Mister Traders Wall Art I Wall Art For Room I Wall Art I Wall Art For Room I Decoration items I Decoration items for room I Room Decorating items I Wall Art I Wall Art Designs,Rs.? ? ?,Rs.1200,
JD Sports Tape Ball Cricket Bat,Rs.? ? ?,Rs.1000,
Seamless High Waist Slimming Lower Body Shaper Tummy Control Panties Knickers Panty Shapewear Underwear Half Body Shaper - Free Size,Rs.? ? ?,Rs.1500,
Non Electric Mini Portable Water Dispenser Table Top Water Bottle Counter High Quality,Rs.? ? ?,Rs.1390,
NEW GADGET KITCHEN CRYSTAL CLEAR SEASONAL SPICE RACK BOXES PACK OF 4 PCS SET,Rs.? ? ?,Rs.1400,
Under Arm Brightening Whitening Cream 55 Gram,Rs.? ? ?,Rs.699,
European and American Unique Creative Lava Led Waterproof Trendy Men's Watch Men's Bracelet Couple Retro Men's Watch,Rs.? ? ?,Rs.1171,
"Customize Name On Wallet Keychain and pen With Gift Box Packing (PERFECT GIFT TO SEND YOUR FATHER , HUSBAND , FIANCE OR ANY ONE)",Rs.? ? ?,Rs.1400,
Lifestyle Glory Brand GEOMETRIC multipurpose design Wood Key Holder I 8 Hocks I Brown I Home Decoration items I Wall Decoration items for shop I Wall Decoration items I Wall Hanging for keys I Wall Hanging For Decoration,Rs.? ? ?,Rs.1000,
Lifestyle Glory Brand Set of 3 New Leaves Wooden Wall Art Laser Cutting I Wall art I Wall art frame I Wall arts I Leaves for wall decoration I Wall art hangings I Wall art for room I Wall art for bedroom,Rs.? ? ?,Rs.1200,
Elegant Luxury Women Watch Fashion Ladies Quartz Wristwatch Elegant Female Bracelet Watches-Rhinestone Wristwatch Bracelet Set,Rs.? ? ?,Rs.1537,
"360° Rotatable Adjustable Cleaning Mop, Extendable Wall Cleaning Mop, 2022 New Rotatable Adjustable Cleaning Mop, Wall Mop for Floor Cleaning",Rs.? ? ?,Rs.1500,
5/8/10Pcs Reusable Tea Juice Water Glass Drinking Straw Straight Bent Drinkware,Rs.? ? ?,Rs.1351,
High Quality White Rice Serum Anti Wrinkle Anti Aging Face Fine Lines Makeup Primer Acne Treatment Shrink Pores Hydrating Skin Care Facial Moisturizer Glowing Beauty Nourishing Esence Original 15ml,Rs.? ? ?,Rs.1800,
Professional RGB Wired 3200 DPI Competitive Gaming Mouse With Free Pad - 6 Programmable Buttons For Computer & Laptop,Rs.? ? ?,Rs.1600,
120x28cm Large Sticky Rat Blanket Super Glue Rat-killing Magic Carpet Large-size Rat Sticker Household Rat-killing Artifact,Rs.? ? ?,Rs.1999,
ReChargeable Flawless 2 in 1 Eye Brow And Facial Hair Remover Machine,Rs.? ? ?,Rs.1299,
Set of 6 Pocket Sized Perfumes For Women- 8ml Each,Rs.? ? ?,Rs.799,
Black Men Sports black Sneaker Running Walking Gym Casual Fashion Shoes,Rs.? ? ?,Rs.1599,
Fluffy Dry Cat Food – 1.2 KG For All Cats,Rs.? ? ?,Rs.1000,
AB TWISTER WAIST TUMMY TRIMMER DISC FOR WOMEN AND MEN ROTATING BOARD TWISTER EXERCISE MACHINE FITNESS SPORTS EQUIPMENT HOME GYM,Rs.? ? ?,Rs.999,
FRAKIN Multicolor Adjustable Baby Carrier Strong Material Safety Belt Adapt to Newborn Infant & Toddler of 3 to 18 Month Backpack The Elegant Cart,Rs.? ? ?,Rs.1500,
PRO 32GB/64GB Samsung Memory Card High Speed Micro SD Card With (1 Year warranty),Rs.? ? ?,Rs.999,
Bike Seat Cushion (Ridderz) / Motorcycle Seat Cover,Rs.? ? ?,Rs.1500,
"KD Laptop Backpack Gifts for Men Women Fashion Bag Travel Backpack for College Fit 15.6 Inch Laptop College Backpack Purse Water Resistant backpack Carry on Bag for Office/Teacher/Work, Grey Black Red Blue Black",Rs.? ? ?,Rs.1000,
OVLENG RGB Led Light Waterproof Remote Control Color Changing - For Gaming Room,Rs.? ? ?,Rs.1250,
TCL Smart LED TV Remote Control Without Voice Command With Netflex and Youtub Button,Rs.? ? ?,Rs.799,
King Size - 100% Waterproof Mattress Fitted Cover With Strong Elastic Grip 72 x 78 Inches / 6 x 6.5 Feet - Premium Quality,Rs.? ? ?,Rs.1350,
Wooden Laptop Riser Portable laptop stand for desk Compatible for 10-16 Inches Light Wood Color,Rs.? ? ?,Rs.800,
Bathroom Storage Hanging Shelf Wall Mounted With Hooks,Rs.? ? ?,Rs.999,
"Face Sheet Mask, Pack of 11 sheet mask, Facial mask Pack, Face Sheet masks, Imported Facial mask, Moisturizing mask, Skin Nourishing mask, Daily skin care product, cotton facial mask, Facial Sheet Masks, Bisutang face mask,",Rs.? ? ?,Rs.1750,
OLIM NATURALS - Acne-Fighting Blackhead Removal Face Wash Benzoyl Peroxid 10% Maximum Strength Antimicrobial Facial Cleanser,Rs.? ? ?,Rs.692,
Mini Portable Hand Fan- USB Rechargeable Air Cooling Fan,Rs.? ? ?,Rs.1999,
【Super21】-Women Classic Retro Square Leopard Print Sunglasses / Men Fashion Rectangular Sun Glasses / Vintage Square Sun Glasses,Rs.? ? ?,Rs.693,
Silicone Ocean Band Strap for Smart Watch Ultra 8 7 6 5 4 SE 45mm 49mm 44mm 42mm,Rs.? ? ?,Rs.1000,
Rosemary Aromatherapy Essential Oil,Rs.? ? ?,Rs.450,
Tape Ball Bat Shock Waves Softball Cricket Bat,Rs.? ? ?,Rs.1999,
"Spin Mop 360 Degree Rotating Mop Head and Mop Stick With Mop Refill 360 Mop/ Spin Mop Handle Stick, Stainless Steel Pole Microfiber Head Refill With Flexible Head For Floor, Home, Office",Rs.? ? ?,Rs.1499,
SAMSUNG PRO Memory Card 64GB / 128GB Ultra Fast Full HD MicroSDHC 6 Months Warranty,Rs.? ? ?,Rs.1149,
Womens & Girls Shoulder Bags Long Crossbody Style Ladies Phone Pouch Casual Mobile Phone Wallets Fashion Shoulder Bag Water Resistant Bag,Rs.? ? ?,Rs.1190,
100% Waterproof Washing Machine Ribbon Cover - Front Loader 7KG to 15KG | Premium Quality,Rs.? ? ?,Rs.1999,
